<?xml version="1.0" encoding="UTF-8"?>
<!DOCTYPE library PUBLIC "-//NetBeans//DTD Library Declaration 1.0//EN" "http://www.netbeans.org/dtds/library-declaration-1_0.dtd">
<library version="1.0">
	<name>jdbcsupport-runtime</name>
	<type>j2se</type>
	<localizing-bundle>com.sun.rave.api.jsf.project.libraries.Bundle</localizing-bundle>
	<volume>
		<type>classpath</type>
		<resource>jar:file:/C:/Program%20Files/Sun/Creator2_1/rave2.0/core/rowset.jar!/</resource>
		<resource>jar:file:/C:/Program%20Files/Sun/Creator2_1/rave2.0/core/sqlx.jar!/</resource>
	</volume>
	<volume>
		<type>src</type>
	</volume>
	<volume>
		<type>javadoc</type>
		<resource>jar:nbinst:///../../creator/rave2.0/docs/rowset-doc.zip!/</resource>
	</volume>
</library>
