<?xml version="1.0" encoding="UTF-8"?>
<!DOCTYPE library PUBLIC "-//NetBeans//DTD Library Declaration 1.0//EN" "http://www.netbeans.org/dtds/library-declaration-1_0.dtd">
<library version="1.0">
	<name>jsfsupport-runtime</name>
	<type>j2se</type>
	<localizing-bundle>com.sun.rave.api.jsf.project.libraries.Bundle</localizing-bundle>
	<volume>
		<type>classpath</type>
		<resource>jar:file:/C:/Program%20Files/Sun/Creator2_1/rave2.0/modules/ext/jsfcl.jar!/</resource>
		<resource>jar:file:/C:/Program%20Files/Sun/Creator2_1/rave2.0/modules/ext/jsf-impl.jar!/</resource>
		<resource>jar:file:/C:/Program%20Files/Sun/Creator2_1/rave2.0/modules/ext/jsf-api.jar!/</resource>
		<resource>jar:file:/C:/Program%20Files/Sun/Creator2_1/rave2.0/modules/ext/commons-beanutils.jar!/</resource>
		<resource>jar:file:/C:/Program%20Files/Sun/Creator2_1/rave2.0/modules/ext/commons-collections.jar!/</resource>
		<resource>jar:file:/C:/Program%20Files/Sun/Creator2_1/rave2.0/modules/ext/commons-digester.jar!/</resource>
		<resource>jar:file:/C:/Program%20Files/Sun/Creator2_1/ide5/modules/ext/commons-logging-1.0.4.jar!/</resource>
		<resource>jar:file:/C:/Program%20Files/Sun/Creator2_1/rave2.0/modules/ext/dataprovider.jar!/</resource>
		<resource>jar:file:/C:/Program%20Files/Sun/Creator2_1/rave2.0/modules/ext/appbase.jar!/</resource>
	</volume>
	<volume>
		<type>src</type>
	</volume>
	<volume>
		<type>javadoc</type>
	</volume>
</library>
