<?xml version="1.0" encoding="UTF-8"?>
<!DOCTYPE library PUBLIC "-//NetBeans//DTD Library Declaration 1.0//EN" "http://www.netbeans.org/dtds/library-declaration-1_0.dtd">
<library version="1.0">
	<name>jsfsupport-designtime</name>
	<type>j2se</type>
	<localizing-bundle>com.sun.rave.api.jsf.project.libraries.Bundle</localizing-bundle>
	<volume>
		<type>classpath</type>
		<resource>jar:file:/C:/Program%20Files/Sun/Creator2_1/rave2.0/modules/ext/jsfcl.jar!/</resource>
		<resource>jar:file:/C:/Program%20Files/Sun/Creator2_1/rave2.0/modules/ext/jsfcl-dt.jar!/</resource>
		<resource>jar:file:/C:/Program%20Files/Sun/Creator2_1/rave2.0/modules/ext/jsf-impl-mod.jar!/</resource>
		<resource>jar:file:/C:/Program%20Files/Sun/Creator2_1/rave2.0/modules/ext/jsf-api-mod.jar!/</resource>
		<resource>jar:file:/C:/Program%20Files/Sun/Creator2_1/rave2.0/modules/ext/jsf-api-dt.jar!/</resource>
		<resource>jar:file:/C:/Program%20Files/Sun/Creator2_1/rave2.0/modules/ext/dataprovider.jar!/</resource>
		<resource>jar:file:/C:/Program%20Files/Sun/Creator2_1/rave2.0/modules/ext/dataprovider-dt.jar!/</resource>
		<resource>jar:file:/C:/Program%20Files/Sun/Creator2_1/rave2.0/modules/ext/appbase.jar!/</resource>
	</volume>
	<volume>
		<type>src</type>
		<resource>jar:nbinst:///../../creator/rave2.0/docs/appbase-src.zip!/</resource>
		<resource>jar:nbinst:///../../creator/rave2.0/docs/dataprovider-src.zip!/</resource>
		<resource>jar:nbinst:///../../creator/rave2.0/docs/jsfcl-src.jar!/</resource>
	</volume>
	<volume>
		<type>javadoc</type>
		<resource>jar:nbinst:///../../creator/rave2.0/docs/jdk-doc.zip!/</resource>
		<resource>jar:nbinst:///../../creator/rave2.0/docs/jsf-doc.zip!/</resource>
		<resource>jar:nbinst:///../../creator/rave2.0/docs/appbase-doc.zip!/</resource>
		<resource>jar:nbinst:///../../creator/rave2.0/docs/dataprovider-doc.zip!/</resource>
		<resource>jar:nbinst:///../../creator/rave2.0/docs/jsfcl-doc.zip!/</resource>
	</volume>
</library>
