<?xml version="1.0" encoding="UTF-8"?>
<!--
   {START_XML_COPYRIGHT_NOTICE
   Copyright 2004 Sun Microsystems, Inc. All rights reserved.
   Use is subject to license terms.
   END_COPYRIGHT_NOTICE}
-->
<!DOCTYPE library PUBLIC "-//NetBeans//DTD Library Declaration 1.0//EN" "http://www.netbeans.org/dtds/library-declaration-1_0.dtd">
<library version="1.0">
    <name>theme-default-green</name>
    <type>j2se</type>
    <localizing-bundle>com.sun.rave.api.jsf.project.libraries.Bundle</localizing-bundle>
    <volume>
        <type>classpath</type>
        <resource>jar:nbinst:///../../creator/rave2.0/modules/ext/defaulttheme-green.jar!/</resource>
    </volume>
</library>
